Emerald,Wilkerson,EmeraldWilkerson,dWilkerson09!@#$%^&,2009-01-01,accumsan@In.edu,40109
Emmanuel,Pace,EmmanuelPace,elPace54$%^&*(),2011-01-01,velit.Sed.malesuada@elitfermentum.org,106354
Aline,Maddox,AlineMaddox,neMaddox08@#$%^&*,2004-05-07,elementum.purus.accumsan@parturient.edu,153308
Quintessa,Frederick,QuintessaFrederick,aFrederick87@#$%^,2010-09-08,et@Curae;Donectincidunt.ca,167687
Carissa,Ford,CarissaFord,rissaFord08!@#$%^&,2007-05-05,Quisque@elitpellentesquea.ca,23308
Odette,Espinoza,OdetteEspinoza,tteEspinoza03$%^&*(),2003-02-11,non.sollicitudin@variusorciin.org,153903
Ursula,Stewart,UrsulaStewart,rsulaStewart55!@#$%^&*,2010-02-11,condimentum@a.edu,49855
Tyrone,Wong,TyroneWong,roneWong63@#$%^&*(),2003-12-03,lacus.Quisque@DonecnibhQuisque.edu,31763
Wyatt,Figueroa,WyattFigueroa,yattFigueroa17$%^&*(),2004-05-03,ullamcorper@montesnascetur.ca,73617
Michael,Atkinson,MichaelAtkinson,lAtkinson76@#$%^&,2010-09-08,laoreet.lectus@necorciDonec.com,63376
Oscar,Cox,OscarCox,arCox79#$%^&*(),2001-03-05,Vivamus.rhoncus@Suspendissealiquet.org,61079
Quail,Crawford,QuailCrawford,ilCrawford51#$%^&*,2002-05-08,convallis.in.cursus@orci.ca,77551
Martin,Mccarthy,MartinMccarthy,inMccarthy11#$%^&,2003-08-10,ipsum@nec.edu,178511
Palmer,Albert,PalmerAlbert,erAlbert26#$%^&*(),2007-09-10,euismod.in@perconubia.edu,46726
Blythe,Joyner,BlytheJoyner,theJoyner94#$%^&*(),2001-08-04,fringilla.purus.mauris@veliteusem.edu,96594
Sonia,Burnett,SoniaBurnett,iaBurnett88#$%^&*(),2011-02-06,Pellentesque@nibh.org,81188
Zane,Horn,ZaneHorn,aneHorn77$%^&*(),2006-12-02,sed@ProinvelitSed.ca,25777
Tatiana,Joseph,TatianaJoseph,naJoseph60#$%^&*,2008-01-05,vitae@dolorsitamet.ca,83660
Rooney,Wilkins,RooneyWilkins,eyWilkins50@#$%^&*(,2001-08-04,Nunc.lectus.pede@natoque.org,172150
Fay,Mckee,FayMckee,yMckee49!@#$%^&*,2009-02-08,ac.facilisis.facilisis@dui.edu,30249
Giacomo,Cantrell,GiacomoCantrell,comoCantrell42@#$%^&*(,2011-07-10,sem@purus.ca,127242
Whitney,Jacobson,WhitneyJacobson,hitneyJacobson68$%^&*,2007-08-08,Phasellus@Vivamusnonlorem.org,196268
Lisandra,Reyes,LisandraReyes,raReyes04!@#$%,2001-03-05,amet.consectetuer@CurabiturmassaVestibulum.com,156704
Aurora,Carrillo,AuroraCarrillo,uroraCarrillo91#$%^&*,2007-08-08,nibh.dolor@blandit.com,87891
Angelica,Conner,AngelicaConner,ngelicaConner79#$%^&*(,2001-03-05,nascetur.ridiculus@et.com,82579
Nathaniel,Cardenas,NathanielCardenas,anielCardenas11$%^&*(,2008-08-08,dis.parturient@Sedetlibero.co.uk,178511
Joseph,Jimenez,JosephJimenez,osephJimenez26$%^&*(,2007-07-07,egestas@turpisNullaaliquet.edu,46726
Indigo,Sanchez,IndigoSanchez,digoSanchez94@#$%^&*(,2003-02-08,vitae.sodales.nisi@erosturpis.edu,96594
Reese,Coleman,ReeseColeman,eColeman88#$%^&*(),2002-02-04,vitae@nequetellusimperdiet.edu,81188
Mary,Palmer,MaryPalmer,MaryPalmer77#$%^&*,0007-11-10,sem.egestas@urnaconvallis.com,25777
Flavia,Young,FlaviaYoung,viaYoung11$%^&*(),2001-01-11,vulputate.mauris.sagittis@estvitaesodales.com,178511
Lee,Beach,LeeBeach,eeBeach26$%^&*(),2001-01-11,pede.ac@at.org,46726
Sydnee,Casey,SydneeCasey,eeCasey94#$%^&*(),2010-09-10,erat.nonummy@Mauris.com,96594
Dorothy,Riddle,DorothyRiddle,DorothyRiddle88#$%^&,2010-11-10,eros.Proin.ultrices@pharetrafeliseget.com,81188
Ella,Guerrero,EllaGuerrero,llaGuerrero77$%^&*,2010-10-10,erat.nonummy.ultricies@estvitaesodales.org,25777
Kylynn,Bender,KylynnBender,lynnBender60@#$%^&,1999-10-09,Integer.vulputate.risus@urnasuscipitnonummy.edu,83660
Emi,Kim,EmiKim,iKim50@#$%^&*(),2001-08-01,at@hymenaeosMauris.edu,172150
Lamar,Mcleod,LamarMcleod,LamarMcleod49!@#$%,2006-06-10,placerat@velnislQuisque.org,30249
Sean,Pugh,SeanPugh,anPugh42@#$%^&*,2009-10-06,neque@quamdignissimpharetra.edu,127242
Ocean,Wilcox,OceanWilcox,eanWilcox68$%^&*,2003-04-03,velit@convallisligulaDonec.ca,196268
Sharon,Eaton,SharonEaton,haronEaton04$%^&*(),2002-12-02,sit@eueros.ca,156704
Audra,Smith,AudraSmith,draSmith11@#$%^&*(),2001-01-01,vel.pede.blandit@vulputateullamcorper.org,178511
Aurelia,Hickman,AureliaHickman,liaHickman26$%^&*(),2001-10-11,et@sem.org,46726
Sacha,Conway,SachaConway,chaConway94#$%^&,2003-11-07,nunc.nulla.vulputate@ultriciesdignissim.ca,96594
Regan,Greene,ReganGreene,anGreene88@#$%^&*(),2005-10-08,massa.Integer.vitae@Suspendisse.com,81188
Alvin,Greene,AlvinGreene,nGreene77!@#$%,2009-10-09,egestas@euaugue.ca,25777
Cadman,Ryan,CadmanRyan,admanRyan60@#$%^&*(),2003-10-11,pellentesque@fringilla.org,83660
Edan,Curtis,EdanCurtis,nCurtis50#$%^&*,2002-10-10,et.magna@Nullatempor.com,172150
Chantale,Lopez,ChantaleLopez,hantaleLopez49!@#$%^&,2009-10-11,congue@porttitorinterdumSed.com,30249
Alea,Page,AleaPage,AleaPage42!@#$%^&,2009-10-10,ac.risus@nunc.com,127242
Shana,Hess,ShanaHess,naHess68@#$%^&*(,2003-04-03,nec@laoreetipsum.ca,196268
Emily,Merrill,EmilyMerrill,ilyMerrill04#$%^&*(),2002-12-02,gravida.Aliquam@odioauctorvitae.com,156704
Garrett,Wright,GarrettWright,GarrettWright91@#$%^&*(,2001-01-01,eu.sem.Pellentesque@lectuspedeultrices.ca,87891
Yvette,Hickman,YvetteHickman,tteHickman11$%^&*(),2001-10-11,egestas.hendrerit@Nunc.org,178511
Sierra,Hughes,SierraHughes,rraHughes26#$%^&*,2003-11-07,imperdiet@neque.org,46726
Grace,Edwards,GraceEdwards,raceEdwards94$%^&*(),2005-10-08,tincidunt.congue@erat.edu,96594
Melanie,Foreman,MelanieForeman,eForeman88!@#$%^&,2009-10-09,amet.ornare.lectus@tellusimperdiet.ca,81188
Timothy,Hatfield,TimothyHatfield,yHatfield77@#$%^&*,2003-10-11,dui.in@orci.org,25777
Burton,Gardner,BurtonGardner,nGardner60@#$%^&*(),2003-04-03,vitae.odio.sagittis@vitaedolorDonec.ca,83660
Griffith,Alston,GriffithAlston,iffithAlston50#$%^&*(),2002-12-02,ipsum.Curabitur@a.org,172150
Barclay,Barry,BarclayBarry,layBarry49$%^&*(),2001-01-01,pharetra.ut.pharetra@Incondimentum.ca,30249
Pearl,Mclean,PearlMclean,rlMclean42$%^&*,2001-10-11,augue.eu.tempor@Pellentesquehabitantmorbi.com,127242
Yetta,Pratt,YettaPratt,ttaPratt68!@#$%^&*(),2003-11-07,sit.amet.ultricies@sodales.org,196268
Fiona,Lott,FionaLott,FionaLott04!@#$%^&,2005-10-08,arcu@sedconsequat.com,156704
Halla,Le,HallaLe,allaLe91!@#$%^&*(),2009-10-09,parturient@mauris.ca,87891
Molly,Padilla,MollyPadilla,MollyPadilla79$%^&*(),2003-10-11,fringilla.est.Mauris@In.edu,82579
Riley,Wells,RileyWells,yWells11#$%^&*(),2002-10-10,Suspendisse.dui@penatibus.ca,178511
Carla,Casey,CarlaCasey,aCasey26!@#$%^&*(,2009-10-11,cursus@sitametconsectetuer.com,46726
Levi,Garcia,LeviGarcia,viGarcia94$%^&*(,2003-04-03,hendrerit.neque.In@magnaaneque.ca,96594
Barclay,Avila,BarclayAvila,layAvila88#$%^&*(,2002-12-02,eget@Crasegetnisi.edu,81188
Thane,Ellison,ThaneEllison,eEllison77@#$%^,2001-01-01,tortor.Integer@loremipsumsodales.edu,25777
Logan,Lynn,LoganLynn,LoganLynn60#$%^&*,2001-10-11,elit.sed.consequat@Seddictum.ca,83660
Kaye,Burt,KayeBurt,ayeBurt50@#$%^&*(),2003-11-07,inceptos@ipsumportaelit.ca,172150
Maurice,Moss,MauriceMoss,uriceMoss49$%^&*(),2005-10-08,mmoss@Emergency.co.uk,30249
Katell,Ballard,KatellBallard,tellBallard42#$%^&*(),2009-10-09,semper.Nam.tempor@eunequepellentesque.ca,127242
